source_file,text,kind,line_start,line_end
/Users/apple/LYCEESAINTALEXANDRE/lycee/src/index.js,react-dom/client,string_or_jsx,2,2
/Users/apple/LYCEESAINTALEXANDRE/lycee/src/index.js,./App,string_or_jsx,4,4
/Users/apple/LYCEESAINTALEXANDRE/lycee/src/index.js,./reportWebVitals,string_or_jsx,5,5
/Users/apple/LYCEESAINTALEXANDRE/lycee/src/App.test.js,@testing-library/react,string_or_jsx,1,1
/Users/apple/LYCEESAINTALEXANDRE/lycee/src/App.test.js,./App,string_or_jsx,2,2
/Users/apple/LYCEESAINTALEXANDRE/lycee/src/App.test.js,renders learn react link,string_or_jsx,4,4
/Users/apple/LYCEESAINTALEXANDRE/lycee/src/setupTests.js,@testing-library/jest-dom,string_or_jsx,5,5
/Users/apple/LYCEESAINTALEXANDRE/lycee/src/App.js,./Components/pages/Home/Home,string_or_jsx,4,4
/Users/apple/LYCEESAINTALEXANDRE/lycee/src/App.js,./Components/pages/About/About,string_or_jsx,5,5
/Users/apple/LYCEESAINTALEXANDRE/lycee/src/App.js,./Components/pages/Contacts/Contacts,string_or_jsx,6,6
/Users/apple/LYCEESAINTALEXANDRE/lycee/src/App.js,./Components/pages/Footer/Footer,string_or_jsx,7,7
/Users/apple/LYCEESAINTALEXANDRE/lycee/src/App.js,./Components/pages/Top/Top,string_or_jsx,8,8
/Users/apple/LYCEESAINTALEXANDRE/lycee/src/App.js,./Components/pages/Menu/Menu,string_or_jsx,9,9
/Users/apple/LYCEESAINTALEXANDRE/lycee/src/App.js,./Components/pages/Babyeyi/Babyeyi,string_or_jsx,10,10
/Users/apple/LYCEESAINTALEXANDRE/lycee/src/App.js,./Components/pages/DioceseByumba/DioceseByumba,string_or_jsx,11,11
/Users/apple/LYCEESAINTALEXANDRE/lycee/src/App.js,./Components/pages/VisionValues/VisionValues,string_or_jsx,12,12
/Users/apple/LYCEESAINTALEXANDRE/lycee/src/App.js,./Components/pages/Chatbot/ChatbotInterface,string_or_jsx,13,13
/Users/apple/LYCEESAINTALEXANDRE/lycee/src/App.js,./Components/pages/Inspiration/Inspiration,string_or_jsx,14,14
/Users/apple/LYCEESAINTALEXANDRE/lycee/src/App.js,./Components/pages/HomepageContainer/HomepageContainer,string_or_jsx,15,15
/Users/apple/LYCEESAINTALEXANDRE/lycee/src/App.js,./Components/pages/NewsEvents/NewsEvents,string_or_jsx,16,16
/Users/apple/LYCEESAINTALEXANDRE/lycee/src/App.js,./Authentication/signin,string_or_jsx,17,17
/Users/apple/LYCEESAINTALEXANDRE/lycee/src/App.js,./Components/pages/Authentications/index,string_or_jsx,18,18
/Users/apple/LYCEESAINTALEXANDRE/lycee/src/App.js,./Components/pages/Authentications/OfficialDashboard,string_or_jsx,19,19
/Users/apple/LYCEESAINTALEXANDRE/lycee/src/App.js,/about,string_or_jsx,40,40
/Users/apple/LYCEESAINTALEXANDRE/lycee/src/App.js,/VisionValues,string_or_jsx,41,41
/Users/apple/LYCEESAINTALEXANDRE/lycee/src/App.js,/Inspiration,string_or_jsx,42,42
/Users/apple/LYCEESAINTALEXANDRE/lycee/src/App.js,/DioceseByumba,string_or_jsx,43,43
/Users/apple/LYCEESAINTALEXANDRE/lycee/src/App.js,/contacts,string_or_jsx,44,44
/Users/apple/LYCEESAINTALEXANDRE/lycee/src/App.js,/Babyeyi,string_or_jsx,45,45
/Users/apple/LYCEESAINTALEXANDRE/lycee/src/App.js,/academics/*,string_or_jsx,46,46
/Users/apple/LYCEESAINTALEXANDRE/lycee/src/App.js,/newsEvents,string_or_jsx,47,47
/Users/apple/LYCEESAINTALEXANDRE/lycee/src/App.js,/arts,string_or_jsx,48,48
/Users/apple/LYCEESAINTALEXANDRE/lycee/src/App.js,/students/*,string_or_jsx,49,49
/Users/apple/LYCEESAINTALEXANDRE/lycee/src/App.js,/athletics,string_or_jsx,50,50
/Users/apple/LYCEESAINTALEXANDRE/lycee/src/App.js,/signin,string_or_jsx,51,51
/Users/apple/LYCEESAINTALEXANDRE/lycee/src/App.js,/dashboard,string_or_jsx,52,52
/Users/apple/LYCEESAINTALEXANDRE/lycee/src/App.js,/official-dashboard,string_or_jsx,53,53
/Users/apple/LYCEESAINTALEXANDRE/lycee/src/Components/pages/Top/Top.jsx,react-bootstrap/Container,string_or_jsx,3,3
/Users/apple/LYCEESAINTALEXANDRE/lycee/src/Components/pages/Top/Top.jsx,text-white divider,string_or_jsx,12,12
/Users/apple/LYCEESAINTALEXANDRE/lycee/src/Components/pages/Top/Top.jsx,/explore,string_or_jsx,18,18
/Users/apple/LYCEESAINTALEXANDRE/lycee/src/Components/pages/Top/Top.jsx,Paroisse Muhura,string_or_jsx,11,11
/Users/apple/LYCEESAINTALEXANDRE/lycee/src/Components/pages/Top/Top.jsx,Sant'Antonio Maria Zaccaria,string_or_jsx,15,15
/Users/apple/LYCEESAINTALEXANDRE/lycee/src/Components/pages/Top/Top.jsx,Barnabite Fathers,string_or_jsx,18,18
/Users/apple/LYCEESAINTALEXANDRE/lycee/src/Components/pages/Babyeyi/Babyeyi.jsx,container-fluid p-0,string_or_jsx,63,63
/Users/apple/LYCEESAINTALEXANDRE/lycee/src/Components/pages/Babyeyi/Babyeyi.jsx,Times New Roman,string_or_jsx,67,67
/Users/apple/LYCEESAINTALEXANDRE/lycee/src/Components/pages/Babyeyi/Babyeyi.jsx,bi bi-bell-fill,string_or_jsx,79,79
/Users/apple/LYCEESAINTALEXANDRE/lycee/src/Components/pages/Babyeyi/Babyeyi.jsx,#dc3545,string_or_jsx,82,82
/Users/apple/LYCEESAINTALEXANDRE/lycee/src/Components/pages/Babyeyi/Babyeyi.jsx,bi bi-download me-2,string_or_jsx,90,90
/Users/apple/LYCEESAINTALEXANDRE/lycee/src/Components/pages/Babyeyi/Babyeyi.jsx,bi bi-printer me-2,string_or_jsx,97,97
/Users/apple/LYCEESAINTALEXANDRE/lycee/src/Components/pages/Babyeyi/Babyeyi.jsx,pdf-container print-only,string_or_jsx,101,101
/Users/apple/LYCEESAINTALEXANDRE/lycee/src/Components/pages/Babyeyi/Babyeyi.jsx,PDF viewer,string_or_jsx,106,106
/Users/apple/LYCEESAINTALEXANDRE/lycee/src/Components/pages/Babyeyi/Babyeyi.jsx,0 auto,string_or_jsx,110,110
/Users/apple/LYCEESAINTALEXANDRE/lycee/src/Components/pages/Babyeyi/Babyeyi.jsx,Print PDF,string_or_jsx,24,24
/Users/apple/LYCEESAINTALEXANDRE/lycee/src/Components/pages/Babyeyi/Babyeyi.jsx,2025 TERM II,string_or_jsx,78,78
/Users/apple/LYCEESAINTALEXANDRE/lycee/src/Components/pages/Babyeyi/Babyeyi.jsx,Download File,string_or_jsx,91,92
/Users/apple/LYCEESAINTALEXANDRE/lycee/src/Components/pages/Babyeyi/Babyeyi.jsx,Print File,string_or_jsx,98,99
/Users/apple/LYCEESAINTALEXANDRE/lycee/src/Components/pages/Babyeyi/PDFViewer.jsx,Failed to load PDF. Please check if the file path is correct.,string_or_jsx,29,29
/Users/apple/LYCEESAINTALEXANDRE/lycee/src/Components/pages/Babyeyi/PDFViewer.jsx,flex justify-center items-center p-8,string_or_jsx,39,39
/Users/apple/LYCEESAINTALEXANDRE/lycee/src/Components/pages/Babyeyi/PDFViewer.jsx,animate-spin rounded-full h-8 w-8 border-2 border-gray-900 border-t-transparent,string_or_jsx,40,40
/Users/apple/LYCEESAINTALEXANDRE/lycee/src/Components/pages/Babyeyi/PDFViewer.jsx,min-h-screen bg-gray-100 p-4,string_or_jsx,45,45
/Users/apple/LYCEESAINTALEXANDRE/lycee/src/Components/pages/Babyeyi/PDFViewer.jsx,max-w-6xl mx-auto,string_or_jsx,46,46
/Users/apple/LYCEESAINTALEXANDRE/lycee/src/Components/pages/Babyeyi/PDFViewer.jsx,bg-white rounded-lg shadow-lg overflow-hidden,string_or_jsx,47,47
/Users/apple/LYCEESAINTALEXANDRE/lycee/src/Components/pages/Babyeyi/PDFViewer.jsx,flex justify-between items-center p-4 border-b,string_or_jsx,48,48
/Users/apple/LYCEESAINTALEXANDRE/lycee/src/Components/pages/Babyeyi/PDFViewer.jsx,flex items-center space-x-3,string_or_jsx,49,49
/Users/apple/LYCEESAINTALEXANDRE/lycee/src/Components/pages/Babyeyi/PDFViewer.jsx,w-5 h-5,string_or_jsx,55,55
/Users/apple/LYCEESAINTALEXANDRE/lycee/src/Components/pages/Babyeyi/PDFViewer.jsx,text-sm font-medium,string_or_jsx,57,57
/Users/apple/LYCEESAINTALEXANDRE/lycee/src/Components/pages/Babyeyi/PDFViewer.jsx,p-4 bg-gray-50 flex justify-center min-h-[600px],string_or_jsx,90,90
/Users/apple/LYCEESAINTALEXANDRE/lycee/src/Components/pages/Babyeyi/PDFViewer.jsx,text-red-500 p-4 flex items-center,string_or_jsx,92,92
/Users/apple/LYCEESAINTALEXANDRE/lycee/src/Components/pages/Footer/Footer.jsx,bi bi-phone text-info,string_or_jsx,10,10
/Users/apple/LYCEESAINTALEXANDRE/lycee/src/Components/pages/Footer/Footer.jsx,bi bi-envelope text-danger,string_or_jsx,11,11
/Users/apple/LYCEESAINTALEXANDRE/lycee/src/Components/pages/Footer/Footer.jsx,/contact,string_or_jsx,14,14
/Users/apple/LYCEESAINTALEXANDRE/lycee/src/Components/pages/Footer/Footer.jsx,/apply,string_or_jsx,20,20
/Users/apple/LYCEESAINTALEXANDRE/lycee/src/Components/pages/Footer/Footer.jsx,/give,string_or_jsx,21,21
/Users/apple/LYCEESAINTALEXANDRE/lycee/src/Components/pages/Footer/Footer.jsx,/news,string_or_jsx,22,22
/Users/apple/LYCEESAINTALEXANDRE/lycee/src/Components/pages/Footer/Footer.jsx,bi bi-facebook,string_or_jsx,38,38
/Users/apple/LYCEESAINTALEXANDRE/lycee/src/Components/pages/Footer/Footer.jsx,bi bi-instagram,string_or_jsx,39,39
/Users/apple/LYCEESAINTALEXANDRE/lycee/src/Components/pages/Footer/Footer.jsx,bi bi-youtube,string_or_jsx,40,40
/Users/apple/LYCEESAINTALEXANDRE/lycee/src/Components/pages/Footer/Footer.jsx,bi bi-x,string_or_jsx,41,41
/Users/apple/LYCEESAINTALEXANDRE/lycee/src/Components/pages/Footer/Footer.jsx,bi bi-linkedin,string_or_jsx,42,42
/Users/apple/LYCEESAINTALEXANDRE/lycee/src/Components/pages/Footer/Footer.jsx,/nondiscrimination,string_or_jsx,49,49
/Users/apple/LYCEESAINTALEXANDRE/lycee/src/Components/pages/Footer/Footer.jsx,/privacy,string_or_jsx,53,53
/Users/apple/LYCEESAINTALEXANDRE/lycee/src/Components/pages/Footer/Footer.jsx,/terms,string_or_jsx,54,54
/Users/apple/LYCEESAINTALEXANDRE/lycee/src/Components/pages/Footer/Footer.jsx,/signin,string_or_jsx,55,55
/Users/apple/LYCEESAINTALEXANDRE/lycee/src/Components/pages/Footer/Footer.jsx,Lycee Saint Alexandre Sauli Muhura,string_or_jsx,9,9
/Users/apple/LYCEESAINTALEXANDRE/lycee/src/Components/pages/Footer/Footer.jsx,lyce@gmail.com,string_or_jsx,11,11
/Users/apple/LYCEESAINTALEXANDRE/lycee/src/Components/pages/Footer/Footer.jsx,Easter Province,string_or_jsx,12,12
/Users/apple/LYCEESAINTALEXANDRE/lycee/src/Components/pages/Footer/Footer.jsx,"Muhura, Sector",string_or_jsx,13,13
/Users/apple/LYCEESAINTALEXANDRE/lycee/src/Components/pages/Footer/Footer.jsx,Contact Us,string_or_jsx,14,14
/Users/apple/LYCEESAINTALEXANDRE/lycee/src/Components/pages/Footer/Footer.jsx,ABOUT Lycee,string_or_jsx,18,18
/Users/apple/LYCEESAINTALEXANDRE/lycee/src/Components/pages/Footer/Footer.jsx,Diocese Byumba,string_or_jsx,20,20
/Users/apple/LYCEESAINTALEXANDRE/lycee/src/Components/pages/Footer/Footer.jsx,Conference Episcopale du Rwanda,string_or_jsx,21,21
/Users/apple/LYCEESAINTALEXANDRE/lycee/src/Components/pages/Footer/Footer.jsx,QUICK LINKS,string_or_jsx,27,27
/Users/apple/LYCEESAINTALEXANDRE/lycee/src/Components/pages/Footer/Footer.jsx,WDA - Workforce Development Authority,string_or_jsx,29,29
/Users/apple/LYCEESAINTALEXANDRE/lycee/src/Components/pages/Footer/Footer.jsx,NESA - National Examination and School Inspection Authority,string_or_jsx,30,30
/Users/apple/LYCEESAINTALEXANDRE/lycee/src/Components/pages/Footer/Footer.jsx,CONNECT WITH US,string_or_jsx,36,36
/Users/apple/LYCEESAINTALEXANDRE/lycee/src/Components/pages/Footer/Footer.jsx,Nondiscrimination Statement,string_or_jsx,49,49
/Users/apple/LYCEESAINTALEXANDRE/lycee/src/Components/pages/Footer/Footer.jsx,Cookie Settings,string_or_jsx,51,51
/Users/apple/LYCEESAINTALEXANDRE/lycee/src/Components/pages/Footer/Footer.jsx,Contact Lycee,string_or_jsx,52,52
/Users/apple/LYCEESAINTALEXANDRE/lycee/src/Components/pages/Footer/Footer.jsx,Terms of Use,string_or_jsx,54,54
/Users/apple/LYCEESAINTALEXANDRE/lycee/src/Components/pages/Footer/Footer.jsx,Site Login,string_or_jsx,55,55
/Users/apple/LYCEESAINTALEXANDRE/lycee/src/Components/pages/Footer/Footer.jsx,© 2024 Lycee Saint Alexandre Sauli Muhura,string_or_jsx,57,57
/Users/apple/LYCEESAINTALEXANDRE/lycee/src/Components/pages/Video/VideoSection.jsx,Students walking on school,string_or_jsx,19,19
/Users/apple/LYCEESAINTALEXANDRE/lycee/src/Components/pages/Video/VideoSection.jsx,Why I Chose St Alexandre Sauli’s,string_or_jsx,10,10
/Users/apple/LYCEESAINTALEXANDRE/lycee/src/Components/pages/Video/VideoSection.jsx,"At our Lycee in Kigali, we provide a transformative educational experience with diverse academic tracks, proven excellence shown by our 96% national exam pass rate, and a thriving community of over 800 students. Our comprehensive curriculum prepares students for success while fostering critical thinking and leadership skills in Rwanda's dynamic educational landscape.",string_or_jsx,13,14
/Users/apple/LYCEESAINTALEXANDRE/lycee/src/Components/pages/Authentications/Babyeyi.jsx,List item,string_or_jsx,31,31
/Users/apple/LYCEESAINTALEXANDRE/lycee/src/Components/pages/Authentications/Babyeyi.jsx,Bullet List,string_or_jsx,68,68
/Users/apple/LYCEESAINTALEXANDRE/lycee/src/Components/pages/Authentications/Babyeyi.jsx,Numbered List,string_or_jsx,74,74
/Users/apple/LYCEESAINTALEXANDRE/lycee/src/Components/pages/Authentications/Babyeyi.jsx,Letter content saved successfully!,string_or_jsx,103,103
/Users/apple/LYCEESAINTALEXANDRE/lycee/src/Components/pages/Authentications/Babyeyi.jsx,Please enter some content before saving.,string_or_jsx,105,105
/Users/apple/LYCEESAINTALEXANDRE/lycee/src/Components/pages/Authentications/Babyeyi.jsx,"Arial, sans-serif",string_or_jsx,158,158
/Users/apple/LYCEESAINTALEXANDRE/lycee/src/Components/pages/Authentications/Babyeyi.jsx,image/png,string_or_jsx,175,175
/Users/apple/LYCEESAINTALEXANDRE/lycee/src/Components/pages/Authentications/Babyeyi.jsx,Failed to generate PDF. Please try again.,string_or_jsx,190,190
/Users/apple/LYCEESAINTALEXANDRE/lycee/src/Components/pages/Authentications/Babyeyi.jsx,Please enter some content before downloading PDF.,string_or_jsx,193,193
/Users/apple/LYCEESAINTALEXANDRE/lycee/src/Components/pages/Authentications/Babyeyi.jsx,w-full max-w-4xl mx-auto bg-white rounded-lg shadow p-6,string_or_jsx,198,198
/Users/apple/LYCEESAINTALEXANDRE/lycee/src/Components/pages/Authentications/Babyeyi.jsx,flex space-x-1,string_or_jsx,204,204
/Users/apple/LYCEESAINTALEXANDRE/lycee/src/Components/pages/Authentications/Babyeyi.jsx,ml-2 p-1 border rounded,string_or_jsx,220,220
/Users/apple/LYCEESAINTALEXANDRE/lycee/src/Components/pages/Authentications/Babyeyi.jsx,Enter your letter content here,string_or_jsx,236,236
/Users/apple/LYCEESAINTALEXANDRE/lycee/src/Components/pages/Authentications/Babyeyi.jsx,"""Times New Roman"", Times, serif",string_or_jsx,241,241
/Users/apple/LYCEESAINTALEXANDRE/lycee/src/Components/pages/Authentications/Babyeyi.jsx,flex justify-end space-x-4,string_or_jsx,247,247
/Users/apple/LYCEESAINTALEXANDRE/lycee/src/Components/pages/Authentications/Babyeyi.jsx,mr-2 inline,string_or_jsx,250,250
/Users/apple/LYCEESAINTALEXANDRE/lycee/src/Components/pages/Authentications/Babyeyi.jsx,Printed Document,string_or_jsx,124,124
/Users/apple/LYCEESAINTALEXANDRE/lycee/src/Components/pages/Authentications/Babyeyi.jsx,Babyeyi Letter Editor,string_or_jsx,199,199
/Users/apple/LYCEESAINTALEXANDRE/lycee/src/Components/pages/Authentications/Babyeyi.jsx,Download PDF,string_or_jsx,251,252
/Users/apple/LYCEESAINTALEXANDRE/lycee/src/Components/pages/Authentications/SignupForm.jsx,Head Master,string_or_jsx,20,20
/Users/apple/LYCEESAINTALEXANDRE/lycee/src/Components/pages/Authentications/SignupForm.jsx,Full name is required,string_or_jsx,28,28
/Users/apple/LYCEESAINTALEXANDRE/lycee/src/Components/pages/Authentications/SignupForm.jsx,Full name must be at least 2 characters,string_or_jsx,30,30
/Users/apple/LYCEESAINTALEXANDRE/lycee/src/Components/pages/Authentications/SignupForm.jsx,Email is required,string_or_jsx,36,36
/Users/apple/LYCEESAINTALEXANDRE/lycee/src/Components/pages/Authentications/SignupForm.jsx,Invalid email format,string_or_jsx,38,38
/Users/apple/LYCEESAINTALEXANDRE/lycee/src/Components/pages/Authentications/SignupForm.jsx,Phone number is required,string_or_jsx,44,44
/Users/apple/LYCEESAINTALEXANDRE/lycee/src/Components/pages/Authentications/SignupForm.jsx,Phone number must be 10 digits,string_or_jsx,46,46
/Users/apple/LYCEESAINTALEXANDRE/lycee/src/Components/pages/Authentications/SignupForm.jsx,Password is required,string_or_jsx,52,52
/Users/apple/LYCEESAINTALEXANDRE/lycee/src/Components/pages/Authentications/SignupForm.jsx,"Password must be at least 8 characters, contain letters and numbers",string_or_jsx,54,54
/Users/apple/LYCEESAINTALEXANDRE/lycee/src/Components/pages/Authentications/SignupForm.jsx,Please confirm your password,string_or_jsx,59,59
/Users/apple/LYCEESAINTALEXANDRE/lycee/src/Components/pages/Authentications/SignupForm.jsx,Passwords do not match,string_or_jsx,61,61
/Users/apple/LYCEESAINTALEXANDRE/lycee/src/Components/pages/Authentications/SignupForm.jsx,Nationality is required,string_or_jsx,66,66
/Users/apple/LYCEESAINTALEXANDRE/lycee/src/Components/pages/Authentications/SignupForm.jsx,Position is required,string_or_jsx,71,71
/Users/apple/LYCEESAINTALEXANDRE/lycee/src/Components/pages/Authentications/SignupForm.jsx,/api/signup,string_or_jsx,97,97
/Users/apple/LYCEESAINTALEXANDRE/lycee/src/Components/pages/Authentications/SignupForm.jsx,bg-white shadow-md rounded-lg p-8 max-w-md w-full,string_or_jsx,135,135
/Users/apple/LYCEESAINTALEXANDRE/lycee/src/Components/pages/Authentications/SignupForm.jsx,absolute left-3 top-1/2 transform -translate-y-1/2 text-gray-400,string_or_jsx,141,141
/Users/apple/LYCEESAINTALEXANDRE/lycee/src/Components/pages/Authentications/SignupForm.jsx,Full Name,string_or_jsx,145,145
/Users/apple/LYCEESAINTALEXANDRE/lycee/src/Components/pages/Authentications/SignupForm.jsx,Email Address,string_or_jsx,163,163
/Users/apple/LYCEESAINTALEXANDRE/lycee/src/Components/pages/Authentications/SignupForm.jsx,Phone Number,string_or_jsx,181,181
/Users/apple/LYCEESAINTALEXANDRE/lycee/src/Components/pages/Authentications/SignupForm.jsx,Confirm Password,string_or_jsx,275,275
/Users/apple/LYCEESAINTALEXANDRE/lycee/src/Components/pages/Authentications/SignupForm.jsx,flex justify-between,string_or_jsx,287,287
/Users/apple/LYCEESAINTALEXANDRE/lycee/src/Components/pages/Authentications/SignupForm.jsx,flex items-center justify-center,string_or_jsx,294,294
/Users/apple/LYCEESAINTALEXANDRE/lycee/src/Components/pages/Authentications/SignupForm.jsx,text-sm text-gray-600,string_or_jsx,295,295
/Users/apple/LYCEESAINTALEXANDRE/lycee/src/Components/pages/Authentications/SignupForm.jsx,/login,string_or_jsx,297,297
/Users/apple/LYCEESAINTALEXANDRE/lycee/src/Components/pages/Authentications/SignupForm.jsx,Create Account,string_or_jsx,136,136
/Users/apple/LYCEESAINTALEXANDRE/lycee/src/Components/pages/Authentications/SignupForm.jsx,Sign Up,string_or_jsx,292,293
/Users/apple/LYCEESAINTALEXANDRE/lycee/src/Components/pages/Authentications/SignupForm.jsx,Log In,string_or_jsx,298,299
/Users/apple/LYCEESAINTALEXANDRE/lycee/src/Components/pages/Authentications/OfficialDashboard.jsx,/login,string_or_jsx,17,17
/Users/apple/LYCEESAINTALEXANDRE/lycee/src/Components/pages/Authentications/OfficialDashboard.jsx,official-dashboard-h-screen flex flex-col relative,string_or_jsx,35,35
/Users/apple/LYCEESAINTALEXANDRE/lycee/src/Components/pages/Authentications/OfficialDashboard.jsx,official-dashboard-absolute inset-0 bg-cover bg-no-repeat bg-center z-0 flex items-center justify-center,string_or_jsx,38,38
/Users/apple/LYCEESAINTALEXANDRE/lycee/src/Components/pages/Authentications/OfficialDashboard.jsx,Student List,string_or_jsx,58,58
/Users/apple/LYCEESAINTALEXANDRE/lycee/src/Components/pages/Authentications/OfficialDashboard.jsx,News & Events,string_or_jsx,60,60
/Users/apple/LYCEESAINTALEXANDRE/lycee/src/Components/pages/Authentications/OfficialDashboard.jsx,Students Life,string_or_jsx,61,61
/Users/apple/LYCEESAINTALEXANDRE/lycee/src/Components/pages/Authentications/newsEvents.jsx,@ag-grid-community/react,string_or_jsx,2,2
/Users/apple/LYCEESAINTALEXANDRE/lycee/src/Components/pages/Authentications/newsEvents.jsx,@ag-grid-community/core,string_or_jsx,7,7
/Users/apple/LYCEESAINTALEXANDRE/lycee/src/Components/pages/Authentications/newsEvents.jsx,Sports Day,string_or_jsx,52,52
/Users/apple/LYCEESAINTALEXANDRE/lycee/src/Components/pages/Authentications/newsEvents.jsx,Annual sports day for all students.,string_or_jsx,54,54
/Users/apple/LYCEESAINTALEXANDRE/lycee/src/Components/pages/Authentications/newsEvents.jsx,School Grounds,string_or_jsx,55,55
/Users/apple/LYCEESAINTALEXANDRE/lycee/src/Components/pages/Authentications/newsEvents.jsx,Parent-Teacher Meeting,string_or_jsx,59,59
/Users/apple/LYCEESAINTALEXANDRE/lycee/src/Components/pages/Authentications/newsEvents.jsx,Meeting with parents to discuss students' progress.,string_or_jsx,61,61
/Users/apple/LYCEESAINTALEXANDRE/lycee/src/Components/pages/Authentications/newsEvents.jsx,School Auditorium,string_or_jsx,62,62
/Users/apple/LYCEESAINTALEXANDRE/lycee/src/Components/pages/Authentications/newsEvents.jsx,Science Fair,string_or_jsx,66,66
/Users/apple/LYCEESAINTALEXANDRE/lycee/src/Components/pages/Authentications/newsEvents.jsx,Showcase of student projects in science.,string_or_jsx,68,68
/Users/apple/LYCEESAINTALEXANDRE/lycee/src/Components/pages/Authentications/newsEvents.jsx,Science Block,string_or_jsx,69,69
/Users/apple/LYCEESAINTALEXANDRE/lycee/src/Components/pages/Authentications/newsEvents.jsx,"December 10, 2024",string_or_jsx,73,73
/Users/apple/LYCEESAINTALEXANDRE/lycee/src/Components/pages/Authentications/newsEvents.jsx,Event data saved successfully!,string_or_jsx,96,96
/Users/apple/LYCEESAINTALEXANDRE/lycee/src/Components/pages/Authentications/newsEvents.jsx,Posted Date,string_or_jsx,117,117
/Users/apple/LYCEESAINTALEXANDRE/lycee/src/Components/pages/Authentications/newsEvents.jsx,News & Event Title,string_or_jsx,118,118
/Users/apple/LYCEESAINTALEXANDRE/lycee/src/Components/pages/Authentications/newsEvents.jsx,flex space-x-2 justify-center items-center,string_or_jsx,126,126
/Users/apple/LYCEESAINTALEXANDRE/lycee/src/Components/pages/Authentications/newsEvents.jsx,cursor-pointer text-blue-600,string_or_jsx,128,128
/Users/apple/LYCEESAINTALEXANDRE/lycee/src/Components/pages/Authentications/newsEvents.jsx,flex-1 min-w-[200px] space-y-1,string_or_jsx,165,165
/Users/apple/LYCEESAINTALEXANDRE/lycee/src/Components/pages/Authentications/newsEvents.jsx,w-full p-1.5 border border-blue-500 rounded-lg text-sm text-black,string_or_jsx,169,169
/Users/apple/LYCEESAINTALEXANDRE/lycee/src/Components/pages/Authentications/newsEvents.jsx,Enter Image Title,string_or_jsx,170,170
/Users/apple/LYCEESAINTALEXANDRE/lycee/src/Components/pages/Authentications/newsEvents.jsx,image/*,string_or_jsx,179,179
/Users/apple/LYCEESAINTALEXANDRE/lycee/src/Components/pages/Authentications/newsEvents.jsx,Enter News & Events details,string_or_jsx,188,188
/Users/apple/LYCEESAINTALEXANDRE/lycee/src/Components/pages/Authentications/newsEvents.jsx,School News and Events Management,string_or_jsx,163,163
/Users/apple/LYCEESAINTALEXANDRE/lycee/src/Components/pages/Authentications/newsEvents.jsx,Image Title,string_or_jsx,166,166
/Users/apple/LYCEESAINTALEXANDRE/lycee/src/Components/pages/Authentications/newsEvents.jsx,News & Events Content,string_or_jsx,185,185
/Users/apple/LYCEESAINTALEXANDRE/lycee/src/Components/pages/Authentications/login.jsx,../service/UsersServices,string_or_jsx,4,4
/Users/apple/LYCEESAINTALEXANDRE/lycee/src/Components/pages/Authentications/login.jsx,Email is required,string_or_jsx,19,19
/Users/apple/LYCEESAINTALEXANDRE/lycee/src/Components/pages/Authentications/login.jsx,Please enter a valid email address,string_or_jsx,21,21
/Users/apple/LYCEESAINTALEXANDRE/lycee/src/Components/pages/Authentications/login.jsx,Password is required,string_or_jsx,27,27
/Users/apple/LYCEESAINTALEXANDRE/lycee/src/Components/pages/Authentications/login.jsx,Password must be alphanumeric and between 6-8 characters,string_or_jsx,29,29
/Users/apple/LYCEESAINTALEXANDRE/lycee/src/Components/pages/Authentications/login.jsx,/dashboard,string_or_jsx,46,46
/Users/apple/LYCEESAINTALEXANDRE/lycee/src/Components/pages/Authentications/login.jsx,Invalid email or password,string_or_jsx,53,53
/Users/apple/LYCEESAINTALEXANDRE/lycee/src/Components/pages/Authentications/login.jsx,An unexpected error occurred. Please try again.,string_or_jsx,58,58
/Users/apple/LYCEESAINTALEXANDRE/lycee/src/Components/pages/Authentications/login.jsx,Enter your phone,string_or_jsx,101,101
/Users/apple/LYCEESAINTALEXANDRE/lycee/src/Components/pages/Authentications/login.jsx,Enter your password,string_or_jsx,112,112
/Users/apple/LYCEESAINTALEXANDRE/lycee/src/Components/pages/Authentications/login.jsx,/SignupForm,string_or_jsx,120,120
/Users/apple/LYCEESAINTALEXANDRE/lycee/src/Components/pages/Authentications/login.jsx,Log in..,string_or_jsx,94,94
/Users/apple/LYCEESAINTALEXANDRE/lycee/src/Components/pages/Authentications/login.jsx,Email Address,string_or_jsx,97,97
/Users/apple/LYCEESAINTALEXANDRE/lycee/src/Components/pages/Authentications/login.jsx,Log in,string_or_jsx,119,119
/Users/apple/LYCEESAINTALEXANDRE/lycee/src/Components/pages/Authentications/login.jsx,Create new account,string_or_jsx,120,120
/Users/apple/LYCEESAINTALEXANDRE/lycee/src/Components/pages/Authentications/login.jsx,Forgot password?,string_or_jsx,124,124
/Users/apple/LYCEESAINTALEXANDRE/lycee/src/Components/pages/Authentications/login.jsx,Connect with us,string_or_jsx,127,127
/Users/apple/LYCEESAINTALEXANDRE/lycee/src/Components/pages/Authentications/studentsList.jsx,@ag-grid-community/react,string_or_jsx,2,2
/Users/apple/LYCEESAINTALEXANDRE/lycee/src/Components/pages/Authentications/studentsList.jsx,react-icons/fa,string_or_jsx,3,3
/Users/apple/LYCEESAINTALEXANDRE/lycee/src/Components/pages/Authentications/studentsList.jsx,@ag-grid-community/core,string_or_jsx,8,8
/Users/apple/LYCEESAINTALEXANDRE/lycee/src/Components/pages/Authentications/studentsList.jsx,Staff data deleted successfully!,string_or_jsx,57,57
/Users/apple/LYCEESAINTALEXANDRE/lycee/src/Components/pages/Authentications/studentsList.jsx,Kigali Paul,string_or_jsx,64,64
/Users/apple/LYCEESAINTALEXANDRE/lycee/src/Components/pages/Authentications/studentsList.jsx,Network and Internet Technology,string_or_jsx,66,66
/Users/apple/LYCEESAINTALEXANDRE/lycee/src/Components/pages/Authentications/studentsList.jsx,acadmic year,string_or_jsx,68,68
/Users/apple/LYCEESAINTALEXANDRE/lycee/src/Components/pages/Authentications/studentsList.jsx,Jane Smith,string_or_jsx,72,72
/Users/apple/LYCEESAINTALEXANDRE/lycee/src/Components/pages/Authentications/studentsList.jsx,Software Development,string_or_jsx,74,74
/Users/apple/LYCEESAINTALEXANDRE/lycee/src/Components/pages/Authentications/studentsList.jsx,Kamana Isaac,string_or_jsx,80,80
/Users/apple/LYCEESAINTALEXANDRE/lycee/src/Components/pages/Authentications/studentsList.jsx,Nyirahabimana Alice,string_or_jsx,88,88
/Users/apple/LYCEESAINTALEXANDRE/lycee/src/Components/pages/Authentications/studentsList.jsx,Please upload a PDF file.,string_or_jsx,101,101
/Users/apple/LYCEESAINTALEXANDRE/lycee/src/Components/pages/Authentications/studentsList.jsx,Please select an academic year.,string_or_jsx,102,102
/Users/apple/LYCEESAINTALEXANDRE/lycee/src/Components/pages/Authentications/studentsList.jsx,Form submitted successfully!,string_or_jsx,120,120
/Users/apple/LYCEESAINTALEXANDRE/lycee/src/Components/pages/Authentications/studentsList.jsx,Full Name,string_or_jsx,135,135
/Users/apple/LYCEESAINTALEXANDRE/lycee/src/Components/pages/Authentications/studentsList.jsx,Date of Birth,string_or_jsx,138,138
/Users/apple/LYCEESAINTALEXANDRE/lycee/src/Components/pages/Authentications/studentsList.jsx,Academic Year,string_or_jsx,140,140
/Users/apple/LYCEESAINTALEXANDRE/lycee/src/Components/pages/Authentications/studentsList.jsx,text-center justify-center,string_or_jsx,145,145
/Users/apple/LYCEESAINTALEXANDRE/lycee/src/Components/pages/Authentications/studentsList.jsx,flex space-x-2 justify-center items-center,string_or_jsx,152,152
/Users/apple/LYCEESAINTALEXANDRE/lycee/src/Components/pages/Authentications/studentsList.jsx,cursor-pointer text-blue-600,string_or_jsx,154,154
/Users/apple/LYCEESAINTALEXANDRE/lycee/src/Components/pages/Authentications/studentsList.jsx,cursor-pointer text-red-600 mr-2,string_or_jsx,160,160
/Users/apple/LYCEESAINTALEXANDRE/lycee/src/Components/pages/Authentications/studentsList.jsx,text-red-600 text-xs,string_or_jsx,214,214
/Users/apple/LYCEESAINTALEXANDRE/lycee/src/Components/pages/Authentications/studentsList.jsx,All Students Management,string_or_jsx,200,200
/Users/apple/LYCEESAINTALEXANDRE/lycee/src/Components/pages/Authentications/studentsList.jsx,Upload Students,string_or_jsx,203,203
/Users/apple/LYCEESAINTALEXANDRE/lycee/src/Components/pages/Authentications/studentsList.jsx,Clear Filter,string_or_jsx,241,242
/Users/apple/LYCEESAINTALEXANDRE/lycee/src/Components/pages/Authentications/gallery.jsx,@ag-grid-community/react,string_or_jsx,2,2
/Users/apple/LYCEESAINTALEXANDRE/lycee/src/Components/pages/Authentications/gallery.jsx,@ag-grid-community/core,string_or_jsx,6,6
/Users/apple/LYCEESAINTALEXANDRE/lycee/src/Components/pages/Authentications/gallery.jsx,School Overview,string_or_jsx,16,16
/Users/apple/LYCEESAINTALEXANDRE/lycee/src/Components/pages/Authentications/gallery.jsx,Students Events,string_or_jsx,17,17
/Users/apple/LYCEESAINTALEXANDRE/lycee/src/Components/pages/Authentications/gallery.jsx,School Achievements,string_or_jsx,18,18
/Users/apple/LYCEESAINTALEXANDRE/lycee/src/Components/pages/Authentications/gallery.jsx,Classroom Setup,string_or_jsx,19,19
/Users/apple/LYCEESAINTALEXANDRE/lycee/src/Components/pages/Authentications/gallery.jsx,Record saved successfully!,string_or_jsx,31,31
/Users/apple/LYCEESAINTALEXANDRE/lycee/src/Components/pages/Authentications/gallery.jsx,Uploaded Date,string_or_jsx,51,51
/Users/apple/LYCEESAINTALEXANDRE/lycee/src/Components/pages/Authentications/gallery.jsx,No Image,string_or_jsx,57,57
/Users/apple/LYCEESAINTALEXANDRE/lycee/src/Components/pages/Authentications/gallery.jsx,flex-1 min-w-[200px] space-y-1,string_or_jsx,92,92
/Users/apple/LYCEESAINTALEXANDRE/lycee/src/Components/pages/Authentications/gallery.jsx,w-full p-1.5 border border-blue-500 rounded-lg text-sm text-black,string_or_jsx,96,96
/Users/apple/LYCEESAINTALEXANDRE/lycee/src/Components/pages/Authentications/gallery.jsx,Enter Image Title,string_or_jsx,97,97
/Users/apple/LYCEESAINTALEXANDRE/lycee/src/Components/pages/Authentications/gallery.jsx,image/*,string_or_jsx,106,106
/Users/apple/LYCEESAINTALEXANDRE/lycee/src/Components/pages/Authentications/gallery.jsx,Gallery Management,string_or_jsx,90,90
/Users/apple/LYCEESAINTALEXANDRE/lycee/src/Components/pages/Authentications/gallery.jsx,Image Title,string_or_jsx,93,93
/Users/apple/LYCEESAINTALEXANDRE/lycee/src/Components/pages/Authentications/index.jsx,./StaffManagement,string_or_jsx,4,4
/Users/apple/LYCEESAINTALEXANDRE/lycee/src/Components/pages/Authentications/index.jsx,./Babyeyi,string_or_jsx,5,5
/Users/apple/LYCEESAINTALEXANDRE/lycee/src/Components/pages/Authentications/index.jsx,./comments,string_or_jsx,6,6
/Users/apple/LYCEESAINTALEXANDRE/lycee/src/Components/pages/Authentications/index.jsx,./gallery,string_or_jsx,7,7
/Users/apple/LYCEESAINTALEXANDRE/lycee/src/Components/pages/Authentications/index.jsx,./newsEvents,string_or_jsx,8,8
/Users/apple/LYCEESAINTALEXANDRE/lycee/src/Components/pages/Authentications/index.jsx,./studentsList,string_or_jsx,10,10
/Users/apple/LYCEESAINTALEXANDRE/lycee/src/Components/pages/Authentications/index.jsx,/login,string_or_jsx,23,23
/Users/apple/LYCEESAINTALEXANDRE/lycee/src/Components/pages/Authentications/index.jsx,h-screen flex flex-col relative,string_or_jsx,53,53
/Users/apple/LYCEESAINTALEXANDRE/lycee/src/Components/pages/Authentications/index.jsx,absolute inset-0 bg-cover bg-no-repeat bg-center z-0 flex items-center justify-center,string_or_jsx,56,56
/Users/apple/LYCEESAINTALEXANDRE/lycee/src/Components/pages/Authentications/index.jsx,/student-lists,string_or_jsx,78,78
/Users/apple/LYCEESAINTALEXANDRE/lycee/src/Components/pages/Authentications/index.jsx,flex items-center,string_or_jsx,78,78
/Users/apple/LYCEESAINTALEXANDRE/lycee/src/Components/pages/Authentications/index.jsx,M8 7h12m0 0l-4-4m4 4l-4 4m0 6H4m0 0l4 4m-4-4l4-4,string_or_jsx,80,80
/Users/apple/LYCEESAINTALEXANDRE/lycee/src/Components/pages/Authentications/index.jsx,relative mr-2,string_or_jsx,87,87
/Users/apple/LYCEESAINTALEXANDRE/lycee/src/Components/pages/Authentications/index.jsx,absolute -top-2 -right-2 bg-red-500 text-white text-xs rounded-full w-4 h-4 flex items-center justify-center,string_or_jsx,93,93
/Users/apple/LYCEESAINTALEXANDRE/lycee/src/Components/pages/Authentications/index.jsx,flex items-center gap-1,string_or_jsx,108,108
/Users/apple/LYCEESAINTALEXANDRE/lycee/src/Components/pages/Authentications/index.jsx,flex flex-col text-right,string_or_jsx,109,109
/Users/apple/LYCEESAINTALEXANDRE/lycee/src/Components/pages/Authentications/index.jsx,text-xs text-gray-500,string_or_jsx,111,111
/Users/apple/LYCEESAINTALEXANDRE/lycee/src/Components/pages/Authentications/index.jsx,w-4 h-4,string_or_jsx,128,128
/Users/apple/LYCEESAINTALEXANDRE/lycee/src/Components/pages/Authentications/index.jsx,Student List,string_or_jsx,148,148
/Users/apple/LYCEESAINTALEXANDRE/lycee/src/Components/pages/Authentications/index.jsx,News & Events,string_or_jsx,150,150
/Users/apple/LYCEESAINTALEXANDRE/lycee/src/Components/pages/Authentications/index.jsx,Students Life,string_or_jsx,151,151
/Users/apple/LYCEESAINTALEXANDRE/lycee/src/Components/pages/Authentications/index.jsx,Vision and Values,string_or_jsx,190,190
/Users/apple/LYCEESAINTALEXANDRE/lycee/src/Components/pages/Authentications/index.jsx,History & Location,string_or_jsx,198,198
/Users/apple/LYCEESAINTALEXANDRE/lycee/src/Components/pages/Authentications/index.jsx,bg-white rounded-lg shadow,string_or_jsx,239,239
/Users/apple/LYCEESAINTALEXANDRE/lycee/src/Components/pages/Authentications/index.jsx,ADMIN DASHBOARD,string_or_jsx,74,74
/Users/apple/LYCEESAINTALEXANDRE/lycee/src/Components/pages/Authentications/index.jsx,Lycee Saint,string_or_jsx,110,110
/Users/apple/LYCEESAINTALEXANDRE/lycee/src/Components/pages/Authentications/index.jsx,lycee@lsam.com,string_or_jsx,111,111
/Users/apple/LYCEESAINTALEXANDRE/lycee/src/Components/pages/Authentications/index.jsx,Update/ Current Information,string_or_jsx,183,183
/Users/apple/LYCEESAINTALEXANDRE/lycee/src/Components/pages/Authentications/index.jsx,Clear Filter,string_or_jsx,204,205
/Users/apple/LYCEESAINTALEXANDRE/lycee/src/Components/pages/Authentications/index.jsx,Generate Report,string_or_jsx,243,244
/Users/apple/LYCEESAINTALEXANDRE/lycee/src/Components/pages/Authentications/index.jsx,Invoice Number,string_or_jsx,251,251
/Users/apple/LYCEESAINTALEXANDRE/lycee/src/Components/pages/Authentications/index.jsx,Application number,string_or_jsx,252,252
/Users/apple/LYCEESAINTALEXANDRE/lycee/src/Components/pages/Authentications/index.jsx,Payment Status,string_or_jsx,253,253
/Users/apple/LYCEESAINTALEXANDRE/lycee/src/Components/pages/Authentications/index.jsx,Result count,string_or_jsx,255,255
/Users/apple/LYCEESAINTALEXANDRE/lycee/src/Components/pages/Authentications/index.jsx,Date last modified,string_or_jsx,256,256
/Users/apple/LYCEESAINTALEXANDRE/lycee/src/Components/pages/Authentications/index.jsx,Service name,string_or_jsx,257,257
/Users/apple/LYCEESAINTALEXANDRE/lycee/src/Components/pages/Authentications/index.jsx,Sent status,string_or_jsx,258,258
/Users/apple/LYCEESAINTALEXANDRE/lycee/src/Components/pages/Authentications/comments.jsx,@ag-grid-community/react,string_or_jsx,2,2
/Users/apple/LYCEESAINTALEXANDRE/lycee/src/Components/pages/Authentications/comments.jsx,@ag-grid-community/core,string_or_jsx,8,8
/Users/apple/LYCEESAINTALEXANDRE/lycee/src/Components/pages/Authentications/comments.jsx,#d9f6e8,string_or_jsx,17,17
/Users/apple/LYCEESAINTALEXANDRE/lycee/src/Components/pages/Authentications/comments.jsx,#238c09,string_or_jsx,18,18
/Users/apple/LYCEESAINTALEXANDRE/lycee/src/Components/pages/Authentications/comments.jsx,#e1c3c0,string_or_jsx,21,21
/Users/apple/LYCEESAINTALEXANDRE/lycee/src/Components/pages/Authentications/comments.jsx,#ec190f,string_or_jsx,22,22
/Users/apple/LYCEESAINTALEXANDRE/lycee/src/Components/pages/Authentications/comments.jsx,#bfcafb,string_or_jsx,25,25
/Users/apple/LYCEESAINTALEXANDRE/lycee/src/Components/pages/Authentications/comments.jsx,#0633fc,string_or_jsx,26,26
/Users/apple/LYCEESAINTALEXANDRE/lycee/src/Components/pages/Authentications/comments.jsx,Kigali Paul,string_or_jsx,40,40
/Users/apple/LYCEESAINTALEXANDRE/lycee/src/Components/pages/Authentications/comments.jsx,Comment 1 description goes here.,string_or_jsx,42,42
/Users/apple/LYCEESAINTALEXANDRE/lycee/src/Components/pages/Authentications/comments.jsx,Jane Smith,string_or_jsx,48,48
/Users/apple/LYCEESAINTALEXANDRE/lycee/src/Components/pages/Authentications/comments.jsx,Head Master,string_or_jsx,49,49
/Users/apple/LYCEESAINTALEXANDRE/lycee/src/Components/pages/Authentications/comments.jsx,Comment 2 description goes here.,string_or_jsx,50,50
/Users/apple/LYCEESAINTALEXANDRE/lycee/src/Components/pages/Authentications/comments.jsx,Kamana Isae,string_or_jsx,56,56
/Users/apple/LYCEESAINTALEXANDRE/lycee/src/Components/pages/Authentications/comments.jsx,Comment 3 description goes here.,string_or_jsx,58,58
/Users/apple/LYCEESAINTALEXANDRE/lycee/src/Components/pages/Authentications/comments.jsx,Date & Time,string_or_jsx,140,140
/Users/apple/LYCEESAINTALEXANDRE/lycee/src/Components/pages/Authentications/comments.jsx,Full Name,string_or_jsx,147,147
/Users/apple/LYCEESAINTALEXANDRE/lycee/src/Components/pages/Authentications/comments.jsx,Comments Management,string_or_jsx,223,224
/Users/apple/LYCEESAINTALEXANDRE/lycee/src/Components/pages/NewsSection/NewsSection.jsx,Academic Excellence,string_or_jsx,7,7
/Users/apple/LYCEESAINTALEXANDRE/lycee/src/Components/pages/NewsSection/NewsSection.jsx,"Dec 20, 2024",string_or_jsx,8,8
/Users/apple/LYCEESAINTALEXANDRE/lycee/src/Components/pages/NewsSection/NewsSection.jsx,LSASM Students Excel in National Science Competition,string_or_jsx,9,9
/Users/apple/LYCEESAINTALEXANDRE/lycee/src/Components/pages/NewsSection/NewsSection.jsx,/news/science-competition,string_or_jsx,11,11
/Users/apple/LYCEESAINTALEXANDRE/lycee/src/Components/pages/NewsSection/NewsSection.jsx,School Life,string_or_jsx,14,14
/Users/apple/LYCEESAINTALEXANDRE/lycee/src/Components/pages/NewsSection/NewsSection.jsx,Annual Cultural Festival Showcases Student Talents,string_or_jsx,16,16
/Users/apple/LYCEESAINTALEXANDRE/lycee/src/Components/pages/NewsSection/NewsSection.jsx,/news/cultural-festival,string_or_jsx,18,18
/Users/apple/LYCEESAINTALEXANDRE/lycee/src/Components/pages/NewsSection/NewsSection.jsx,"Dec 19, 2024",string_or_jsx,22,22
/Users/apple/LYCEESAINTALEXANDRE/lycee/src/Components/pages/NewsSection/NewsSection.jsx,LSASM Launches New Community Outreach Program,string_or_jsx,23,23
/Users/apple/LYCEESAINTALEXANDRE/lycee/src/Components/pages/NewsSection/NewsSection.jsx,/news/community-outreach,string_or_jsx,25,25
/Users/apple/LYCEESAINTALEXANDRE/lycee/src/Components/pages/NewsSection/NewsSection.jsx,/news,string_or_jsx,40,40
/Users/apple/LYCEESAINTALEXANDRE/lycee/src/Components/pages/NewsSection/NewsSection.jsx,0.25rem,string_or_jsx,43,43
/Users/apple/LYCEESAINTALEXANDRE/lycee/src/Components/pages/NewsSection/NewsSection.jsx,0.5rem,string_or_jsx,44,44
/Users/apple/LYCEESAINTALEXANDRE/lycee/src/Components/pages/NewsSection/NewsSection.jsx,0.75rem,string_or_jsx,45,45
/Users/apple/LYCEESAINTALEXANDRE/lycee/src/Components/pages/NewsSection/NewsSection.jsx,news-card text-decoration-none,string_or_jsx,58,58
/Users/apple/LYCEESAINTALEXANDRE/lycee/src/Components/pages/NewsSection/NewsSection.jsx,img-fluid w-100 rounded,string_or_jsx,63,63
/Users/apple/LYCEESAINTALEXANDRE/lycee/src/Components/pages/NewsSection/NewsSection.jsx,news-card-title h5,string_or_jsx,72,72
/Users/apple/LYCEESAINTALEXANDRE/lycee/src/Components/pages/NewsSection/NewsSection.jsx,Latest News,string_or_jsx,34,34
/Users/apple/LYCEESAINTALEXANDRE/lycee/src/Components/pages/NewsSection/NewsSection.jsx,More News →,string_or_jsx,48,49
/Users/apple/LYCEESAINTALEXANDRE/lycee/src/Components/pages/HomepageContainer/HomepageContainer.jsx,../NewsSection/NewsSection,string_or_jsx,4,4
/Users/apple/LYCEESAINTALEXANDRE/lycee/src/Components/pages/HomepageContainer/HomepageContainer.jsx,../Video/VideoSection,string_or_jsx,6,6
/Users/apple/LYCEESAINTALEXANDRE/lycee/src/Components/pages/HomepageContainer/HomepageContainer.jsx,../Chatbot/ChatbotInterface,string_or_jsx,7,7
/Users/apple/LYCEESAINTALEXANDRE/lycee/src/Components/pages/HomepageContainer/HomepageContainer.jsx,O'Level Programs,string_or_jsx,14,14
/Users/apple/LYCEESAINTALEXANDRE/lycee/src/Components/pages/HomepageContainer/HomepageContainer.jsx,/programs/olevel,string_or_jsx,14,14
/Users/apple/LYCEESAINTALEXANDRE/lycee/src/Components/pages/HomepageContainer/HomepageContainer.jsx,A'Level Programs,string_or_jsx,15,15
/Users/apple/LYCEESAINTALEXANDRE/lycee/src/Components/pages/HomepageContainer/HomepageContainer.jsx,/programs/alevel,string_or_jsx,15,15
/Users/apple/LYCEESAINTALEXANDRE/lycee/src/Components/pages/HomepageContainer/HomepageContainer.jsx,Special Programs,string_or_jsx,16,16
/Users/apple/LYCEESAINTALEXANDRE/lycee/src/Components/pages/HomepageContainer/HomepageContainer.jsx,/programs/special,string_or_jsx,16,16
/Users/apple/LYCEESAINTALEXANDRE/lycee/src/Components/pages/HomepageContainer/HomepageContainer.jsx,Find Your Program,string_or_jsx,17,17
/Users/apple/LYCEESAINTALEXANDRE/lycee/src/Components/pages/HomepageContainer/HomepageContainer.jsx,/programs/finder,string_or_jsx,17,17
/Users/apple/LYCEESAINTALEXANDRE/lycee/src/Components/pages/HomepageContainer/HomepageContainer.jsx,/research,string_or_jsx,21,21
/Users/apple/LYCEESAINTALEXANDRE/lycee/src/Components/pages/HomepageContainer/HomepageContainer.jsx,Patient Care,string_or_jsx,22,22
/Users/apple/LYCEESAINTALEXANDRE/lycee/src/Components/pages/HomepageContainer/HomepageContainer.jsx,/patient-care,string_or_jsx,22,22
/Users/apple/LYCEESAINTALEXANDRE/lycee/src/Components/pages/HomepageContainer/HomepageContainer.jsx,/academics,string_or_jsx,23,23
/Users/apple/LYCEESAINTALEXANDRE/lycee/src/Components/pages/HomepageContainer/HomepageContainer.jsx,School panoramic view,string_or_jsx,32,32
/Users/apple/LYCEESAINTALEXANDRE/lycee/src/Components/pages/HomepageContainer/HomepageContainer.jsx,container-fluid transform-section,string_or_jsx,45,45
/Users/apple/LYCEESAINTALEXANDRE/lycee/src/Components/pages/HomepageContainer/HomepageContainer.jsx,Educational research equipment,string_or_jsx,50,50
/Users/apple/LYCEESAINTALEXANDRE/lycee/src/Components/pages/HomepageContainer/HomepageContainer.jsx,img-fluid transform-image,string_or_jsx,51,51
/Users/apple/LYCEESAINTALEXANDRE/lycee/src/Components/pages/HomepageContainer/HomepageContainer.jsx,transform-link d-flex justify-content-between align-items-center,string_or_jsx,67,67
/Users/apple/LYCEESAINTALEXANDRE/lycee/src/Components/pages/HomepageContainer/HomepageContainer.jsx,container-fluid numbers-section,string_or_jsx,78,78
/Users/apple/LYCEESAINTALEXANDRE/lycee/src/Components/pages/HomepageContainer/HomepageContainer.jsx,#a8b6fa,string_or_jsx,82,82
/Users/apple/LYCEESAINTALEXANDRE/lycee/src/Components/pages/HomepageContainer/HomepageContainer.jsx,Students walking on school,string_or_jsx,114,114
/Users/apple/LYCEESAINTALEXANDRE/lycee/src/Components/pages/HomepageContainer/HomepageContainer.jsx,img-fluid numbers-image,string_or_jsx,115,115
/Users/apple/LYCEESAINTALEXANDRE/lycee/src/Components/pages/HomepageContainer/HomepageContainer.jsx,Welcome to LSASM,string_or_jsx,39,39
/Users/apple/LYCEESAINTALEXANDRE/lycee/src/Components/pages/HomepageContainer/HomepageContainer.jsx,"Lycée Saint Alexandre Sauli de Muhura in Rwanda is a TVET College with a vision to empower and prepare their students for the labour market and self-employment. Their mission is to create a good learning environment which meets the Education, Training and Development expectations of their students.",string_or_jsx,41,42
/Users/apple/LYCEESAINTALEXANDRE/lycee/src/Components/pages/HomepageContainer/HomepageContainer.jsx,Transforming Lives,string_or_jsx,55,55
/Users/apple/LYCEESAINTALEXANDRE/lycee/src/Components/pages/HomepageContainer/HomepageContainer.jsx,Our integrated research and educational platforms ensure that breakthroughs in the classroom translate to student success in life. And our comprehensive academic ecosystem elevates collaboration and creativity to benefit people across our institution and around the world.,string_or_jsx,58,61
/Users/apple/LYCEESAINTALEXANDRE/lycee/src/Components/pages/HomepageContainer/HomepageContainer.jsx,REAL IMPACTS,string_or_jsx,89,89
/Users/apple/LYCEESAINTALEXANDRE/lycee/src/Components/pages/HomepageContainer/HomepageContainer.jsx,By the Numbers,string_or_jsx,90,90
/Users/apple/LYCEESAINTALEXANDRE/lycee/src/Components/pages/HomepageContainer/HomepageContainer.jsx,Academic Options,string_or_jsx,96,96
/Users/apple/LYCEESAINTALEXANDRE/lycee/src/Components/pages/HomepageContainer/HomepageContainer.jsx,National Exam Pass Rate,string_or_jsx,101,101
/Users/apple/LYCEESAINTALEXANDRE/lycee/src/Components/pages/HomepageContainer/HomepageContainer.jsx,Annual Student Enrollment,string_or_jsx,106,106
/Users/apple/LYCEESAINTALEXANDRE/lycee/src/Components/pages/Chatbot/ChatbotInterface.jsx,react-icons/fa,string_or_jsx,2,2
/Users/apple/LYCEESAINTALEXANDRE/lycee/src/Components/pages/Chatbot/ChatbotInterface.jsx,react-icons/ai,string_or_jsx,3,3
/Users/apple/LYCEESAINTALEXANDRE/lycee/src/Components/pages/Chatbot/ChatbotInterface.jsx,../../../config,string_or_jsx,5,5
/Users/apple/LYCEESAINTALEXANDRE/lycee/src/Components/pages/Chatbot/ChatbotInterface.jsx,Future Student,string_or_jsx,34,34
/Users/apple/LYCEESAINTALEXANDRE/lycee/src/Components/pages/Chatbot/ChatbotInterface.jsx,#FF6347,string_or_jsx,34,34
/Users/apple/LYCEESAINTALEXANDRE/lycee/src/Components/pages/Chatbot/ChatbotInterface.jsx,Current Student,string_or_jsx,35,35
/Users/apple/LYCEESAINTALEXANDRE/lycee/src/Components/pages/Chatbot/ChatbotInterface.jsx,#4682B4,string_or_jsx,35,35
/Users/apple/LYCEESAINTALEXANDRE/lycee/src/Components/pages/Chatbot/ChatbotInterface.jsx,#32CD32,string_or_jsx,36,36
/Users/apple/LYCEESAINTALEXANDRE/lycee/src/Components/pages/Chatbot/ChatbotInterface.jsx,Lycee Teacher,string_or_jsx,37,37
/Users/apple/LYCEESAINTALEXANDRE/lycee/src/Components/pages/Chatbot/ChatbotInterface.jsx,#FFD700,string_or_jsx,37,37
/Users/apple/LYCEESAINTALEXANDRE/lycee/src/Components/pages/Chatbot/ChatbotInterface.jsx,#8A2BE2,string_or_jsx,38,38
/Users/apple/LYCEESAINTALEXANDRE/lycee/src/Components/pages/Chatbot/ChatbotInterface.jsx,#00CED1,string_or_jsx,39,39
/Users/apple/LYCEESAINTALEXANDRE/lycee/src/Components/pages/Chatbot/ChatbotInterface.jsx,Loading.,string_or_jsx,81,81
/Users/apple/LYCEESAINTALEXANDRE/lycee/src/Components/pages/Chatbot/ChatbotInterface.jsx,application/json,string_or_jsx,107,107
/Users/apple/LYCEESAINTALEXANDRE/lycee/src/Components/pages/Chatbot/ChatbotInterface.jsx,"Sorry, I couldn't reach the server. Please try again.",string_or_jsx,114,114
/Users/apple/LYCEESAINTALEXANDRE/lycee/src/Components/pages/Chatbot/ChatbotInterface.jsx,Could not record your inquiry right now.,string_or_jsx,147,147
/Users/apple/LYCEESAINTALEXANDRE/lycee/src/Components/pages/Chatbot/ChatbotInterface.jsx,Which your phone number?,string_or_jsx,166,166
/Users/apple/LYCEESAINTALEXANDRE/lycee/src/Components/pages/Chatbot/ChatbotInterface.jsx,Please provide a valid phone number with at least 10 digits.,string_or_jsx,182,182
/Users/apple/LYCEESAINTALEXANDRE/lycee/src/Components/pages/Chatbot/ChatbotInterface.jsx,Thank you. We have recorded your phone number.,string_or_jsx,194,194
/Users/apple/LYCEESAINTALEXANDRE/lycee/src/Components/pages/Chatbot/ChatbotInterface.jsx,What can we help you?,string_or_jsx,200,200
/Users/apple/LYCEESAINTALEXANDRE/lycee/src/Components/pages/Chatbot/ChatbotInterface.jsx,Please enter your name and phone number to verify and load your chats.,string_or_jsx,241,241
/Users/apple/LYCEESAINTALEXANDRE/lycee/src/Components/pages/Chatbot/ChatbotInterface.jsx,"This is Lycee Saint Alexandre, How can we help you today?",string_or_jsx,249,249
/Users/apple/LYCEESAINTALEXANDRE/lycee/src/Components/pages/Chatbot/ChatbotInterface.jsx,Which your name please?,string_or_jsx,253,253
/Users/apple/LYCEESAINTALEXANDRE/lycee/src/Components/pages/Chatbot/ChatbotInterface.jsx,Provide name or phone number,string_or_jsx,268,268
/Users/apple/LYCEESAINTALEXANDRE/lycee/src/Components/pages/Chatbot/ChatbotInterface.jsx,"No record found, click on chat button",string_or_jsx,293,293
/Users/apple/LYCEESAINTALEXANDRE/lycee/src/Components/pages/Chatbot/ChatbotInterface.jsx,Failed to load chats. Please try again.,string_or_jsx,301,301
/Users/apple/LYCEESAINTALEXANDRE/lycee/src/Components/pages/Chatbot/ChatbotInterface.jsx,#fff,string_or_jsx,343,343
/Users/apple/LYCEESAINTALEXANDRE/lycee/src/Components/pages/Chatbot/ChatbotInterface.jsx,1px solid #a52a2a,string_or_jsx,363,363
/Users/apple/LYCEESAINTALEXANDRE/lycee/src/Components/pages/Chatbot/ChatbotInterface.jsx,#a52a2a,string_or_jsx,364,364
/Users/apple/LYCEESAINTALEXANDRE/lycee/src/Components/pages/Chatbot/ChatbotInterface.jsx,#ccc,string_or_jsx,391,391
/Users/apple/LYCEESAINTALEXANDRE/lycee/src/Components/pages/Chatbot/ChatbotInterface.jsx,#b00020,string_or_jsx,411,411
/Users/apple/LYCEESAINTALEXANDRE/lycee/src/Components/pages/Chatbot/ChatbotInterface.jsx,#0f9d58,string_or_jsx,411,411
/Users/apple/LYCEESAINTALEXANDRE/lycee/src/Components/pages/Chatbot/ChatbotInterface.jsx,1px solid #ccc,string_or_jsx,432,432
/Users/apple/LYCEESAINTALEXANDRE/lycee/src/Components/pages/Chatbot/ChatbotInterface.jsx,Phone number,string_or_jsx,436,436
/Users/apple/LYCEESAINTALEXANDRE/lycee/src/Components/pages/Chatbot/ChatbotInterface.jsx,#304a9a,string_or_jsx,442,442
/Users/apple/LYCEESAINTALEXANDRE/lycee/src/Components/pages/Chatbot/ChatbotInterface.jsx,Verifying...,string_or_jsx,443,443
/Users/apple/LYCEESAINTALEXANDRE/lycee/src/Components/pages/Chatbot/ChatbotInterface.jsx,#FFA500,string_or_jsx,457,457
/Users/apple/LYCEESAINTALEXANDRE/lycee/src/Components/pages/Chatbot/ChatbotInterface.jsx,Type your message...,string_or_jsx,477,477
/Users/apple/LYCEESAINTALEXANDRE/lycee/src/Components/pages/Chatbot/ChatbotInterface.jsx,Lycee St. Alexandre Sauli AI,string_or_jsx,327,327
/Users/apple/LYCEESAINTALEXANDRE/lycee/src/Components/pages/Chatbot/ChatbotInterface.jsx,"This is Lycee AI! Before we get started, let's get to know each other.",string_or_jsx,344,345
/Users/apple/LYCEESAINTALEXANDRE/lycee/src/Components/pages/Chatbot/ChatbotInterface.jsx,Which of these best describes you?,string_or_jsx,347,348
/Users/apple/LYCEESAINTALEXANDRE/lycee/src/Components/pages/Chatbot/ChatbotInterface.jsx,Verify your chats,string_or_jsx,425,425
/Users/apple/LYCEESAINTALEXANDRE/lycee/src/Components/pages/Chatbot/ChatbotInterface.jsx,Loading chats...,string_or_jsx,462,462
/Users/apple/LYCEESAINTALEXANDRE/lycee/src/Components/pages/NewsEvents/NewsEvents.jsx,/api/placeholder/1200/600,string_or_jsx,8,8
/Users/apple/LYCEESAINTALEXANDRE/lycee/src/Components/pages/NewsEvents/NewsEvents.jsx,CAMPUS & COMMUNITY,string_or_jsx,12,12
/Users/apple/LYCEESAINTALEXANDRE/lycee/src/Components/pages/NewsEvents/NewsEvents.jsx,UAB soars into top 6 percent of global universities in US News rankings,string_or_jsx,15,15
/Users/apple/LYCEESAINTALEXANDRE/lycee/src/Components/pages/NewsEvents/NewsEvents.jsx,UAB's impact across the state during 2024 — and what's next for 2025,string_or_jsx,16,16
/Users/apple/LYCEESAINTALEXANDRE/lycee/src/Components/pages/NewsEvents/NewsEvents.jsx,/api/placeholder/400/300,string_or_jsx,17,17
/Users/apple/LYCEESAINTALEXANDRE/lycee/src/Components/pages/NewsEvents/NewsEvents.jsx,Three reasons to complete a FAFSA form,string_or_jsx,18,18
/Users/apple/LYCEESAINTALEXANDRE/lycee/src/Components/pages/NewsEvents/NewsEvents.jsx,ARTS & EVENTS,string_or_jsx,23,23
/Users/apple/LYCEESAINTALEXANDRE/lycee/src/Components/pages/NewsEvents/NewsEvents.jsx,See these artists coming to UAB's Alys Stephens Center in 2025,string_or_jsx,26,26
/Users/apple/LYCEESAINTALEXANDRE/lycee/src/Components/pages/NewsEvents/NewsEvents.jsx,"Works by Alex Chitty, Kate Meissner, plus Juried Student Exhibition, at UAB's AEIVA from Jan. 21-March 15",string_or_jsx,27,27
/Users/apple/LYCEESAINTALEXANDRE/lycee/src/Components/pages/NewsEvents/NewsEvents.jsx,A winter wonderland on UAB's campus,string_or_jsx,29,29
/Users/apple/LYCEESAINTALEXANDRE/lycee/src/Components/pages/NewsEvents/NewsEvents.jsx,HEALTH & MEDICINE,string_or_jsx,34,34
/Users/apple/LYCEESAINTALEXANDRE/lycee/src/Components/pages/NewsEvents/NewsEvents.jsx,"UAB opens seven specialty clinics at UAB Medical West, accepting new patients",string_or_jsx,37,37
/Users/apple/LYCEESAINTALEXANDRE/lycee/src/Components/pages/NewsEvents/NewsEvents.jsx,UAB named OHF Care Center for excellence in rare kidney stone disease research and clinical care,string_or_jsx,40,40
/Users/apple/LYCEESAINTALEXANDRE/lycee/src/Components/pages/NewsEvents/NewsEvents.jsx,Featured article,string_or_jsx,51,51
/Users/apple/LYCEESAINTALEXANDRE/lycee/src/Components/pages/NewsEvents/NewsEvents.jsx,UAB Experts,string_or_jsx,83,83
/Users/apple/LYCEESAINTALEXANDRE/lycee/src/Components/pages/NewsEvents/NewsEvents.jsx,PEOPLE OF UAB,string_or_jsx,88,88
/Users/apple/LYCEESAINTALEXANDRE/lycee/src/Components/pages/NewsEvents/NewsEvents.jsx,NEWS YOU CAN USE,string_or_jsx,90,90
/Users/apple/LYCEESAINTALEXANDRE/lycee/src/Components/pages/About/About.jsx,../VisionValues/VisionValues,string_or_jsx,3,3
/Users/apple/LYCEESAINTALEXANDRE/lycee/src/Components/pages/About/About.jsx,../Inspiration/Inspiration,string_or_jsx,4,4
/Users/apple/LYCEESAINTALEXANDRE/lycee/src/Components/pages/About/About.jsx,../DioceseByumba/DioceseByumba,string_or_jsx,6,6
/Users/apple/LYCEESAINTALEXANDRE/lycee/src/Components/pages/About/About.jsx,bi bi-check-circle-fill text-primary,string_or_jsx,43,43
/Users/apple/LYCEESAINTALEXANDRE/lycee/src/Components/pages/About/About.jsx,History and Location,string_or_jsx,17,17
/Users/apple/LYCEESAINTALEXANDRE/lycee/src/Components/pages/About/About.jsx,Economics.,string_or_jsx,26,26
/Users/apple/LYCEESAINTALEXANDRE/lycee/src/Components/pages/About/About.jsx,Fashion Design / (FAD),string_or_jsx,48,48
/Users/apple/LYCEESAINTALEXANDRE/lycee/src/Components/pages/About/About.jsx,Software Development / (SWD),string_or_jsx,52,52
/Users/apple/LYCEESAINTALEXANDRE/lycee/src/Components/pages/About/About.jsx,Network and Internet Technology / (NIT),string_or_jsx,56,56
/Users/apple/LYCEESAINTALEXANDRE/lycee/src/Components/pages/About/About.jsx,Computer System and Architecture / (CSA),string_or_jsx,60,60
/Users/apple/LYCEESAINTALEXANDRE/lycee/src/Components/pages/About/About.jsx,"Today, Lycée Saint Alexandre Sauli Muhura serves 657 students, fostering job readiness and reducing unemployment in the community. The school officially received accreditation in 2010, marking a milestone in its mission to provide quality education aligned with the Barnabite Fathers' values.",string_or_jsx,65,70
/Users/apple/LYCEESAINTALEXANDRE/lycee/src/Components/pages/VisionValues/VisionValues.jsx,/strategic-plan,string_or_jsx,19,19
/Users/apple/LYCEESAINTALEXANDRE/lycee/src/Components/pages/VisionValues/VisionValues.jsx,/values,string_or_jsx,23,23
/Users/apple/LYCEESAINTALEXANDRE/lycee/src/Components/pages/VisionValues/VisionValues.jsx,/challenge,string_or_jsx,27,27
/Users/apple/LYCEESAINTALEXANDRE/lycee/src/Components/pages/VisionValues/VisionValues.jsx,School leadership,string_or_jsx,34,34
/Users/apple/LYCEESAINTALEXANDRE/lycee/src/Components/pages/VisionValues/VisionValues.jsx,Vision and Values,string_or_jsx,10,10
/Users/apple/LYCEESAINTALEXANDRE/lycee/src/Components/pages/VisionValues/VisionValues.jsx,Shared Values,string_or_jsx,24,24
/Users/apple/LYCEESAINTALEXANDRE/lycee/src/Components/pages/VisionValues/VisionValues.jsx,Grand Challenge,string_or_jsx,28,28
/Users/apple/LYCEESAINTALEXANDRE/lycee/src/Components/pages/Inspiration/Inspiration.jsx,../../../assets/images/popeFrancis.webp,string_or_jsx,3,3
/Users/apple/LYCEESAINTALEXANDRE/lycee/src/Components/pages/Inspiration/Inspiration.jsx,Saint Alexandre Sauli,string_or_jsx,10,10
/Users/apple/LYCEESAINTALEXANDRE/lycee/src/Components/pages/Inspiration/Inspiration.jsx,--- Pope Francis in 2021,string_or_jsx,11,11
/Users/apple/LYCEESAINTALEXANDRE/lycee/src/Components/pages/Inspiration/Inspiration.jsx,--- Pope Francis,string_or_jsx,24,24
/Users/apple/LYCEESAINTALEXANDRE/lycee/src/Components/pages/Menu/Menu.jsx,react-bootstrap/NavDropdown,string_or_jsx,3,3
/Users/apple/LYCEESAINTALEXANDRE/lycee/src/Components/pages/Menu/Menu.jsx,react-bootstrap/Navbar,string_or_jsx,4,4
/Users/apple/LYCEESAINTALEXANDRE/lycee/src/Components/pages/Menu/Menu.jsx,react-bootstrap/Nav,string_or_jsx,5,5
/Users/apple/LYCEESAINTALEXANDRE/lycee/src/Components/pages/Menu/Menu.jsx,react-bootstrap/Container,string_or_jsx,6,6
/Users/apple/LYCEESAINTALEXANDRE/lycee/src/Components/pages/Menu/Menu.jsx,School panoramic view,string_or_jsx,27,27
/Users/apple/LYCEESAINTALEXANDRE/lycee/src/Components/pages/Menu/Menu.jsx,d-inline-block align-top,string_or_jsx,29,29
/Users/apple/LYCEESAINTALEXANDRE/lycee/src/Components/pages/Menu/Menu.jsx,/about,string_or_jsx,36,36
/Users/apple/LYCEESAINTALEXANDRE/lycee/src/Components/pages/Menu/Menu.jsx,/babyeyi,string_or_jsx,37,37
/Users/apple/LYCEESAINTALEXANDRE/lycee/src/Components/pages/Menu/Menu.jsx,/newsEvents,string_or_jsx,46,46
/Users/apple/LYCEESAINTALEXANDRE/lycee/src/Components/pages/Menu/Menu.jsx,/students/life,string_or_jsx,52,52
/Users/apple/LYCEESAINTALEXANDRE/lycee/src/Components/pages/Menu/Menu.jsx,/students/resources,string_or_jsx,55,55
/Users/apple/LYCEESAINTALEXANDRE/lycee/src/Components/pages/Menu/Menu.jsx,/messages,string_or_jsx,60,60
/Users/apple/LYCEESAINTALEXANDRE/lycee/src/Components/pages/Menu/Menu.jsx,d-flex align-items-center position-relative,string_or_jsx,63,63
/Users/apple/LYCEESAINTALEXANDRE/lycee/src/Components/pages/Menu/Menu.jsx,icon-container position-relative,string_or_jsx,64,64
/Users/apple/LYCEESAINTALEXANDRE/lycee/src/Components/pages/Menu/Menu.jsx,icon-number position-absolute top-50 start-50 translate-middle,string_or_jsx,66,66
/Users/apple/LYCEESAINTALEXANDRE/lycee/src/Components/pages/Menu/Menu.jsx,position-absolute top-0 start-100 translate-middle badge rounded-pill bg-danger,string_or_jsx,72,72
/Users/apple/LYCEESAINTALEXANDRE/lycee/src/Components/pages/Menu/Menu.jsx,/athletics,string_or_jsx,81,81
/Users/apple/LYCEESAINTALEXANDRE/lycee/src/Components/pages/Menu/Menu.jsx,/search,string_or_jsx,82,82
/Users/apple/LYCEESAINTALEXANDRE/lycee/src/Components/pages/Menu/Menu.jsx,bi bi-search,string_or_jsx,83,83
/Users/apple/LYCEESAINTALEXANDRE/lycee/src/Components/pages/Menu/Menu.jsx,Lycee Hub,string_or_jsx,46,46
/Users/apple/LYCEESAINTALEXANDRE/lycee/src/Components/pages/Menu/Menu.jsx,Student Life,string_or_jsx,53,54
/Users/apple/LYCEESAINTALEXANDRE/lycee/src/Components/pages/DioceseByumba/DioceseByumba.jsx,/strategic-plan,string_or_jsx,15,15
/Users/apple/LYCEESAINTALEXANDRE/lycee/src/Components/pages/DioceseByumba/DioceseByumba.jsx,/values,string_or_jsx,19,19
/Users/apple/LYCEESAINTALEXANDRE/lycee/src/Components/pages/DioceseByumba/DioceseByumba.jsx,/challenge,string_or_jsx,23,23
/Users/apple/LYCEESAINTALEXANDRE/lycee/src/Components/pages/DioceseByumba/DioceseByumba.jsx,School leadership,string_or_jsx,30,30
/Users/apple/LYCEESAINTALEXANDRE/lycee/src/Components/pages/DioceseByumba/DioceseByumba.jsx,Byumba Diocese,string_or_jsx,10,10
/Users/apple/LYCEESAINTALEXANDRE/lycee/src/Components/pages/DioceseByumba/DioceseByumba.jsx,"Created in 1962, the SNEC is one of the services of the Episcopal Conference of Rwanda, responsible for the guidance of Catholic education. Its mission is to evangelize, teach, and educate. Essentially, the SNEC is composed of other diocesan educational bodies that it coordinates, and together they implement all programs at the administrative, pedagogical, and pastoral levels to promote Catholic education in its entirety. Furthermore, the SNEC manages relations between Catholic education and public authorities.",string_or_jsx,12,13
/Users/apple/LYCEESAINTALEXANDRE/lycee/src/Components/pages/DioceseByumba/DioceseByumba.jsx,Conference Episcopale du Rwanda,string_or_jsx,20,20
/Users/apple/LYCEESAINTALEXANDRE/lycee/src/Components/pages/DioceseByumba/DioceseByumba.jsx,Muhura Paroisse,string_or_jsx,24,24
/Users/apple/LYCEESAINTALEXANDRE/lycee/src/Components/pages/DioceseByumba/DioceseByumba.jsx,--- Mgr Papias MUSENGAMANA,string_or_jsx,31,31
/Users/apple/LYCEESAINTALEXANDRE/lycee/src/Authentication/signin.jsx,Invalid characters,string_or_jsx,92,92
/Users/apple/LYCEESAINTALEXANDRE/lycee/src/Authentication/signin.jsx,Only numbers allowed,string_or_jsx,107,107
/Users/apple/LYCEESAINTALEXANDRE/lycee/src/Authentication/signin.jsx,Phone number must be 10 digits long,string_or_jsx,109,109
/Users/apple/LYCEESAINTALEXANDRE/lycee/src/Authentication/signin.jsx,Invalid email format,string_or_jsx,114,114
/Users/apple/LYCEESAINTALEXANDRE/lycee/src/Authentication/signin.jsx,Password is required,string_or_jsx,120,120
/Users/apple/LYCEESAINTALEXANDRE/lycee/src/Authentication/signin.jsx,Passwords do not match,string_or_jsx,125,125
/Users/apple/LYCEESAINTALEXANDRE/lycee/src/Authentication/signin.jsx,Username is required,string_or_jsx,137,137
/Users/apple/LYCEESAINTALEXANDRE/lycee/src/Authentication/signin.jsx,Login Form,string_or_jsx,180,180
/Users/apple/LYCEESAINTALEXANDRE/lycee/src/Authentication/signin.jsx,Signup Form,string_or_jsx,180,180
/Users/apple/LYCEESAINTALEXANDRE/lycee/src/Authentication/signin.jsx,First Name,string_or_jsx,235,235
/Users/apple/LYCEESAINTALEXANDRE/lycee/src/Authentication/signin.jsx,Last Name,string_or_jsx,245,245
/Users/apple/LYCEESAINTALEXANDRE/lycee/src/Authentication/signin.jsx,Phone Number,string_or_jsx,289,289
/Users/apple/LYCEESAINTALEXANDRE/lycee/src/Authentication/signin.jsx,Email Address,string_or_jsx,300,300
/Users/apple/LYCEESAINTALEXANDRE/lycee/src/Authentication/signin.jsx,Confirm Password,string_or_jsx,320,320
/Users/apple/LYCEESAINTALEXANDRE/lycee/src/Authentication/signin.jsx,Forgot password?,string_or_jsx,221,221
/Users/apple/LYCEESAINTALEXANDRE/lycee/src/Authentication/signin.jsx,Select Gender,string_or_jsx,258,258
